# Superscripts (\^x) and subscripts (\_x), in the style of the Julia REPL.
# Unicode only has some letters; missing ones are simply absent.
# Format: name<TAB>symbol (literal, or U+XXXX codepoints).

# Superscripts
^0	⁰
^1	¹
^2	²
^3	³
^4	⁴
^5	⁵
^6	⁶
^7	⁷
^8	⁸
^9	⁹
^+	⁺
^-	⁻
^=	⁼
^(	⁽
^)	⁾
^a	ᵃ
^b	ᵇ
^c	ᶜ
^d	ᵈ
^e	ᵉ
^f	ᶠ
^g	ᵍ
^h	ʰ
^i	ⁱ
^j	ʲ
^k	ᵏ
^l	ˡ
^m	ᵐ
^n	ⁿ
^o	ᵒ
^p	ᵖ
^r	ʳ
^s	ˢ
^t	ᵗ
^u	ᵘ
^v	ᵛ
^w	ʷ
^x	ˣ
^y	ʸ
^z	ᶻ
^A	ᴬ
^B	ᴮ
^C	ꟲ
^D	ᴰ
^E	ᴱ
^F	ꟳ
^G	ᴳ
^H	ᴴ
^I	ᴵ
^J	ᴶ
^K	ᴷ
^L	ᴸ
^M	ᴹ
^N	ᴺ
^O	ᴼ
^P	ᴾ
^Q	ꟴ
^R	ᴿ
^T	ᵀ
^U	ᵁ
^V	ⱽ
^W	ᵂ
^alpha	ᵅ
^beta	ᵝ
^gamma	ᵞ
^delta	ᵟ
^epsilon	ᵋ
^theta	ᶿ
^iota	ᶥ
^phi	ᵠ
^chi	ᵡ

# Subscripts
_0	₀
_1	₁
_2	₂
_3	₃
_4	₄
_5	₅
_6	₆
_7	₇
_8	₈
_9	₉
_+	₊
_-	₋
_=	₌
_(	₍
_)	₎
_a	ₐ
_e	ₑ
_h	ₕ
_i	ᵢ
_j	ⱼ
_k	ₖ
_l	ₗ
_m	ₘ
_n	ₙ
_o	ₒ
_p	ₚ
_r	ᵣ
_s	ₛ
_t	ₜ
_u	ᵤ
_v	ᵥ
_x	ₓ
_beta	ᵦ
_gamma	ᵧ
_rho	ᵨ
_phi	ᵩ
_chi	ᵪ
