# Standard LaTeX / amssymb / amsmath names, ranked first in search.
# Hand-maintained.  Format: name<TAB>symbol (literal, or U+XXXX codepoints).

# Greek letters (upright, as in running text)
Alpha	Α
Beta	Β
Gamma	Γ
Delta	Δ
Epsilon	Ε
Zeta	Ζ
Eta	Η
Theta	Θ
Iota	Ι
Kappa	Κ
Lambda	Λ
Mu	Μ
Nu	Ν
Xi	Ξ
Omicron	Ο
Pi	Π
Rho	Ρ
Sigma	Σ
Tau	Τ
Upsilon	Υ
Phi	Φ
Chi	Χ
Psi	Ψ
Omega	Ω
alpha	α
beta	β
gamma	γ
delta	δ
varepsilon	ε
zeta	ζ
eta	η
theta	θ
iota	ι
kappa	κ
lambda	λ
mu	μ
nu	ν
xi	ξ
omicron	ο
pi	π
rho	ρ
varsigma	ς
sigma	σ
tau	τ
upsilon	υ
varphi	φ
chi	χ
psi	ψ
omega	ω
vartheta	ϑ
phi	ϕ
varpi	ϖ
varkappa	ϰ
varrho	ϱ
varTheta	ϴ
epsilon	ϵ

# Binary operators
pm	±
mp	∓
times	×
div	÷
cdot	⋅
ast	∗
star	⋆
circ	∘
bullet	∙
oplus	⊕
ominus	⊖
otimes	⊗
oslash	⊘
odot	⊙
bigcirc	◯
dagger	†
ddagger	‡
amalg	⨿
cap	∩
cup	∪
uplus	⊎
sqcap	⊓
sqcup	⊔
vee	∨
wedge	∧
land	∧
lor	∨
setminus	∖
smallsetminus	∖
wr	≀
diamond	⋄
bigtriangleup	△
bigtriangledown	▽
triangleleft	◁
triangleright	▷
lhd	⊲
rhd	⊳
unlhd	⊴
unrhd	⊵
boxplus	⊞
boxminus	⊟
boxtimes	⊠
boxdot	⊡
dotplus	∔
ltimes	⋉
rtimes	⋊
curlyvee	⋎
curlywedge	⋏
intercal	⊺
barwedge	⊼

# Relations
leq	≤
le	≤
geq	≥
ge	≥
neq	≠
ne	≠
equiv	≡
sim	∼
simeq	≃
approx	≈
approxeq	≊
cong	≅
propto	∝
prec	≺
succ	≻
preceq	⪯
succeq	⪰
ll	≪
gg	≫
lll	⋘
ggg	⋙
subset	⊂
supset	⊃
subseteq	⊆
supseteq	⊇
subsetneq	⊊
supsetneq	⊋
nsubseteq	⊈
nsupseteq	⊉
sqsubset	⊏
sqsupset	⊐
sqsubseteq	⊑
sqsupseteq	⊒
in	∈
notin	∉
ni	∋
owns	∋
notni	∌
vdash	⊢
dashv	⊣
models	⊧
vDash	⊨
Vdash	⊩
nvdash	⊬
nvDash	⊭
perp	⟂
mid	∣
nmid	∤
parallel	∥
nparallel	∦
smile	⌣
frown	⌢
asymp	≍
bowtie	⋈
doteq	≐
triangleq	≜
coloneqq	≔
eqqcolon	≕
lesssim	≲
gtrsim	≳
leqslant	⩽
geqslant	⩾
nleq	≰
ngeq	≱
nless	≮
ngtr	≯
ncong	≇
nsim	≁
ntriangleleft	⋪
ntriangleright	⋫
therefore	∴
because	∵

# Arrows
leftarrow	←
gets	←
rightarrow	→
to	→
leftrightarrow	↔
Leftarrow	⇐
Rightarrow	⇒
Leftrightarrow	⇔
longleftarrow	⟵
longrightarrow	⟶
longleftrightarrow	⟷
Longleftarrow	⟸
Longrightarrow	⟹
Longleftrightarrow	⟺
implies	⟹
impliedby	⟸
iff	⟺
mapsto	↦
longmapsto	⟼
hookleftarrow	↩
hookrightarrow	↪
leftharpoonup	↼
leftharpoondown	↽
rightharpoonup	⇀
rightharpoondown	⇁
rightleftharpoons	⇌
leftrightharpoons	⇋
upharpoonleft	↿
upharpoonright	↾
downharpoonleft	⇃
downharpoonright	⇂
uparrow	↑
downarrow	↓
updownarrow	↕
Uparrow	⇑
Downarrow	⇓
Updownarrow	⇕
nearrow	↗
searrow	↘
swarrow	↙
nwarrow	↖
leadsto	⇝
rightsquigarrow	⇝
twoheadrightarrow	↠
twoheadleftarrow	↞
rightarrowtail	↣
leftarrowtail	↢
nrightarrow	↛
nleftarrow	↚
nRightarrow	⇏
nLeftarrow	⇍
nleftrightarrow	↮
nLeftrightarrow	⇎
circlearrowleft	↺
circlearrowright	↻
curvearrowleft	↶
curvearrowright	↷
rightrightarrows	⇉
leftleftarrows	⇇

# Large operators
sum	∑
prod	∏
coprod	∐
int	∫
iint	∬
iiint	∭
oint	∮
bigcup	⋃
bigcap	⋂
bigsqcup	⨆
bigvee	⋁
bigwedge	⋀
bigoplus	⨁
bigotimes	⨂
bigodot	⨀
biguplus	⨄

# Delimiters
langle	⟨
rangle	⟩
lceil	⌈
rceil	⌉
lfloor	⌊
rfloor	⌋
lbrace	{
rbrace	}
lvert	|
rvert	|
lVert	‖
rVert	‖
Vert	‖

# Miscellaneous
aleph	ℵ
beth	ℶ
gimel	ℷ
daleth	ℸ
hbar	ℏ
hslash	ℏ
imath	𝚤
jmath	𝚥
ell	ℓ
wp	℘
Re	ℜ
Im	ℑ
partial	∂
infty	∞
nabla	∇
emptyset	∅
varnothing	∅
forall	∀
exists	∃
nexists	∄
neg	¬
lnot	¬
top	⊤
bot	⊥
angle	∠
measuredangle	∡
sphericalangle	∢
triangle	△
square	□
Box	□
blacksquare	■
Diamond	◇
lozenge	◊
blacklozenge	⧫
checkmark	✓
clubsuit	♣
diamondsuit	♢
heartsuit	♡
spadesuit	♠
flat	♭
natural	♮
sharp	♯
prime	′
dprime	″
trprime	‴
backprime	‵
surd	√
sqrt	√
cbrt	∛
complement	∁
eth	ð
mho	℧
Finv	Ⅎ
Game	⅁
cdots	⋯
ldots	…
dots	…
vdots	⋮
ddots	⋱
S	§
P	¶
dag	†
ddag	‡
copyright	©
pounds	£
degree	°
backslash	\

# Accents (combining: type the base letter first)
hat	U+0302
check	U+030C
breve	U+0306
acute	U+0301
grave	U+0300
tilde	U+0303
bar	U+0304
vec	U+20D7
dot	U+0307
ddot	U+0308
dddot	U+20DB
mathring	U+030A
overline	U+0305
underline	U+0332
