# Generated by tools/gen_text_tsv.py; edit that script instead.
# LaTeX text-mode accents (\"o, \"{o}, \v{c}) and special letters.
# Format: name<TAB>symbol.

# \`: grave
`A	À
`{A}	À
`E	È
`{E}	È
`I	Ì
`{I}	Ì
`N	Ǹ
`{N}	Ǹ
`O	Ò
`{O}	Ò
`U	Ù
`{U}	Ù
`W	Ẁ
`{W}	Ẁ
`Y	Ỳ
`{Y}	Ỳ
`a	à
`{a}	à
`e	è
`{e}	è
`i	ì
`{i}	ì
`n	ǹ
`{n}	ǹ
`o	ò
`{o}	ò
`u	ù
`{u}	ù
`w	ẁ
`{w}	ẁ
`y	ỳ
`{y}	ỳ

# \': acute
'A	Á
'{A}	Á
'C	Ć
'{C}	Ć
'E	É
'{E}	É
'G	Ǵ
'{G}	Ǵ
'I	Í
'{I}	Í
'K	Ḱ
'{K}	Ḱ
'L	Ĺ
'{L}	Ĺ
'M	Ḿ
'{M}	Ḿ
'N	Ń
'{N}	Ń
'O	Ó
'{O}	Ó
'P	Ṕ
'{P}	Ṕ
'R	Ŕ
'{R}	Ŕ
'S	Ś
'{S}	Ś
'U	Ú
'{U}	Ú
'W	Ẃ
'{W}	Ẃ
'Y	Ý
'{Y}	Ý
'Z	Ź
'{Z}	Ź
'a	á
'{a}	á
'c	ć
'{c}	ć
'e	é
'{e}	é
'g	ǵ
'{g}	ǵ
'i	í
'{i}	í
'k	ḱ
'{k}	ḱ
'l	ĺ
'{l}	ĺ
'm	ḿ
'{m}	ḿ
'n	ń
'{n}	ń
'o	ó
'{o}	ó
'p	ṕ
'{p}	ṕ
'r	ŕ
'{r}	ŕ
's	ś
'{s}	ś
'u	ú
'{u}	ú
'w	ẃ
'{w}	ẃ
'y	ý
'{y}	ý
'z	ź
'{z}	ź

# \^: circumflex
^A	Â
^{A}	Â
^C	Ĉ
^{C}	Ĉ
^E	Ê
^{E}	Ê
^G	Ĝ
^{G}	Ĝ
^H	Ĥ
^{H}	Ĥ
^I	Î
^{I}	Î
^J	Ĵ
^{J}	Ĵ
^O	Ô
^{O}	Ô
^S	Ŝ
^{S}	Ŝ
^U	Û
^{U}	Û
^W	Ŵ
^{W}	Ŵ
^Y	Ŷ
^{Y}	Ŷ
^Z	Ẑ
^{Z}	Ẑ
^a	â
^{a}	â
^c	ĉ
^{c}	ĉ
^e	ê
^{e}	ê
^g	ĝ
^{g}	ĝ
^h	ĥ
^{h}	ĥ
^i	î
^{i}	î
^j	ĵ
^{j}	ĵ
^o	ô
^{o}	ô
^s	ŝ
^{s}	ŝ
^u	û
^{u}	û
^w	ŵ
^{w}	ŵ
^y	ŷ
^{y}	ŷ
^z	ẑ
^{z}	ẑ

# \~: tilde
~A	Ã
~{A}	Ã
~E	Ẽ
~{E}	Ẽ
~I	Ĩ
~{I}	Ĩ
~N	Ñ
~{N}	Ñ
~O	Õ
~{O}	Õ
~U	Ũ
~{U}	Ũ
~V	Ṽ
~{V}	Ṽ
~Y	Ỹ
~{Y}	Ỹ
~a	ã
~{a}	ã
~e	ẽ
~{e}	ẽ
~i	ĩ
~{i}	ĩ
~n	ñ
~{n}	ñ
~o	õ
~{o}	õ
~u	ũ
~{u}	ũ
~v	ṽ
~{v}	ṽ
~y	ỹ
~{y}	ỹ

# \=: macron
=A	Ā
={A}	Ā
=E	Ē
={E}	Ē
=G	Ḡ
={G}	Ḡ
=I	Ī
={I}	Ī
=O	Ō
={O}	Ō
=U	Ū
={U}	Ū
=Y	Ȳ
={Y}	Ȳ
=a	ā
={a}	ā
=e	ē
={e}	ē
=g	ḡ
={g}	ḡ
=i	ī
={i}	ī
=o	ō
={o}	ō
=u	ū
={u}	ū
=y	ȳ
={y}	ȳ

# \.: dot above
.A	Ȧ
.{A}	Ȧ
.B	Ḃ
.{B}	Ḃ
.C	Ċ
.{C}	Ċ
.D	Ḋ
.{D}	Ḋ
.E	Ė
.{E}	Ė
.F	Ḟ
.{F}	Ḟ
.G	Ġ
.{G}	Ġ
.H	Ḣ
.{H}	Ḣ
.I	İ
.{I}	İ
.M	Ṁ
.{M}	Ṁ
.N	Ṅ
.{N}	Ṅ
.O	Ȯ
.{O}	Ȯ
.P	Ṗ
.{P}	Ṗ
.R	Ṙ
.{R}	Ṙ
.S	Ṡ
.{S}	Ṡ
.T	Ṫ
.{T}	Ṫ
.W	Ẇ
.{W}	Ẇ
.X	Ẋ
.{X}	Ẋ
.Y	Ẏ
.{Y}	Ẏ
.Z	Ż
.{Z}	Ż
.a	ȧ
.{a}	ȧ
.b	ḃ
.{b}	ḃ
.c	ċ
.{c}	ċ
.d	ḋ
.{d}	ḋ
.e	ė
.{e}	ė
.f	ḟ
.{f}	ḟ
.g	ġ
.{g}	ġ
.h	ḣ
.{h}	ḣ
.m	ṁ
.{m}	ṁ
.n	ṅ
.{n}	ṅ
.o	ȯ
.{o}	ȯ
.p	ṗ
.{p}	ṗ
.r	ṙ
.{r}	ṙ
.s	ṡ
.{s}	ṡ
.t	ṫ
.{t}	ṫ
.w	ẇ
.{w}	ẇ
.x	ẋ
.{x}	ẋ
.y	ẏ
.{y}	ẏ
.z	ż
.{z}	ż

# \": diaeresis (umlaut)
"A	Ä
"{A}	Ä
"E	Ë
"{E}	Ë
"H	Ḧ
"{H}	Ḧ
"I	Ï
"{I}	Ï
"O	Ö
"{O}	Ö
"U	Ü
"{U}	Ü
"W	Ẅ
"{W}	Ẅ
"X	Ẍ
"{X}	Ẍ
"Y	Ÿ
"{Y}	Ÿ
"a	ä
"{a}	ä
"e	ë
"{e}	ë
"h	ḧ
"{h}	ḧ
"i	ï
"{i}	ï
"o	ö
"{o}	ö
"t	ẗ
"{t}	ẗ
"u	ü
"{u}	ü
"w	ẅ
"{w}	ẅ
"x	ẍ
"{x}	ẍ
"y	ÿ
"{y}	ÿ

# \u: breve
u{A}	Ă
u{E}	Ĕ
u{G}	Ğ
u{I}	Ĭ
u{O}	Ŏ
u{U}	Ŭ
u{a}	ă
u{e}	ĕ
u{g}	ğ
u{i}	ĭ
u{o}	ŏ
u{u}	ŭ

# \r: ring above
r{A}	Å
r{U}	Ů
r{a}	å
r{u}	ů
r{w}	ẘ
r{y}	ẙ

# \H: double acute
H{O}	Ő
H{U}	Ű
H{o}	ő
H{u}	ű

# \v: caron (hacek)
v{A}	Ǎ
v{C}	Č
v{D}	Ď
v{E}	Ě
v{G}	Ǧ
v{H}	Ȟ
v{I}	Ǐ
v{K}	Ǩ
v{L}	Ľ
v{N}	Ň
v{O}	Ǒ
v{R}	Ř
v{S}	Š
v{T}	Ť
v{U}	Ǔ
v{Z}	Ž
v{a}	ǎ
v{c}	č
v{d}	ď
v{e}	ě
v{g}	ǧ
v{h}	ȟ
v{i}	ǐ
v{j}	ǰ
v{k}	ǩ
v{l}	ľ
v{n}	ň
v{o}	ǒ
v{r}	ř
v{s}	š
v{t}	ť
v{u}	ǔ
v{z}	ž

# \d: dot below
d{A}	Ạ
d{B}	Ḅ
d{D}	Ḍ
d{E}	Ẹ
d{H}	Ḥ
d{I}	Ị
d{K}	Ḳ
d{L}	Ḷ
d{M}	Ṃ
d{N}	Ṇ
d{O}	Ọ
d{R}	Ṛ
d{S}	Ṣ
d{T}	Ṭ
d{U}	Ụ
d{V}	Ṿ
d{W}	Ẉ
d{Y}	Ỵ
d{Z}	Ẓ
d{a}	ạ
d{b}	ḅ
d{d}	ḍ
d{e}	ẹ
d{h}	ḥ
d{i}	ị
d{k}	ḳ
d{l}	ḷ
d{m}	ṃ
d{n}	ṇ
d{o}	ọ
d{r}	ṛ
d{s}	ṣ
d{t}	ṭ
d{u}	ụ
d{v}	ṿ
d{w}	ẉ
d{y}	ỵ
d{z}	ẓ

# \c: cedilla
c{C}	Ç
c{D}	Ḑ
c{E}	Ȩ
c{G}	Ģ
c{H}	Ḩ
c{K}	Ķ
c{L}	Ļ
c{N}	Ņ
c{R}	Ŗ
c{S}	Ş
c{T}	Ţ
c{c}	ç
c{d}	ḑ
c{e}	ȩ
c{g}	ģ
c{h}	ḩ
c{k}	ķ
c{l}	ļ
c{n}	ņ
c{r}	ŗ
c{s}	ş
c{t}	ţ

# \k: ogonek
k{A}	Ą
k{E}	Ę
k{I}	Į
k{O}	Ǫ
k{U}	Ų
k{a}	ą
k{e}	ę
k{i}	į
k{o}	ǫ
k{u}	ų

# \b: macron below
b{B}	Ḇ
b{D}	Ḏ
b{K}	Ḵ
b{L}	Ḻ
b{N}	Ṉ
b{R}	Ṟ
b{T}	Ṯ
b{Z}	Ẕ
b{b}	ḇ
b{d}	ḏ
b{h}	ẖ
b{k}	ḵ
b{l}	ḻ
b{n}	ṉ
b{r}	ṟ
b{t}	ṯ
b{z}	ẕ

# Letters and symbols
ss	ß
ae	æ
AE	Æ
oe	œ
OE	Œ
aa	å
AA	Å
o	ø
O	Ø
l	ł
L	Ł
i	ı
j	ȷ
dh	ð
DH	Ð
th	þ
TH	Þ
ng	ŋ
NG	Ŋ
dj	đ
DJ	Đ
textquestiondown	¿
textexclamdown	¡
guillemotleft	«
guillemotright	»
guilsinglleft	‹
guilsinglright	›
quotedblbase	„
quotesinglbase	‚
textquotedblleft	“
textquotedblright	”
textquoteleft	‘
textquoteright	’
textendash	–
textemdash	—
textellipsis	…
textbullet	•
textperiodcentered	·
textdegree	°
textmu	µ
texttimes	×
textdiv	÷
textsection	§
textparagraph	¶
textcopyright	©
textregistered	®
texttrademark	™
texteuro	€
textsterling	£
textyen	¥
textcent	¢
textordfeminine	ª
textordmasculine	º
textonehalf	½
textonequarter	¼
textthreequarters	¾
